CDR,Exudate_Pixel,Label
0.9592,12264,0
0.36,16108,0
0.4502,16897,0
0.4214,8382,0
0.3284,16966,0
0.5398,8740,0
0.6574,10403,0
1.0563,10837,0
0.7487,16787,0
0.3889,16522,0
0.7845,11207,0
0.7656,10695,0
0.4127,16009,0
0.7571,14961,0
0.6149,16462,0
0.5745,16172,0
0.8646,15510,0
0.5026,14765,0
0.3725,14743,0
0.4161,14829,0
1.0805,10548,0
0.3306,13730,0
0.7415,11439,0
1.0902,12218,0
0.5505,9828,0
0.9173,14120,0
0.25,16545,0
0.3853,7866,0
0.2732,13322,0
0.7071,6368,0
0.2988,15940,0
0.25,16316,0
1.0265,9925,0
0.3403,14465,0
0.7949,12089,0
0.9246,14401,0
0.9795,16633,0
0.7928,9804,0
1,10959,0
0.2659,14656,0
0.5937,15938,0
1.0916,15519,0
0.4912,15133,0
0.4916,12974,0
0.964,15372,0
0.36,15157,0
0.3281,14609,0
0.2737,14575,0
0.8457,15377,0
0.728,15661,0
0.425,17753,0
0.6915,17673,0
0.3572,18181,0
0.6421,18299,0
0.6156,15547,0
0.6813,13054,0
0.7311,11283,0
0.8804,15459,0
0.8573,15966,0
0.702,10842,0
0.7845,11454,0
0.5661,15186,0
0.2605,15788,0
0.5086,14400,0
0.6858,9082,0
0.7715,13283,0
0.6296,14772,0
0.7459,13166,0
0.4511,13422,0
0.7287,14372,0
0.8988,12874,0
0.471,12654,0
0.9467,13940,0
0.9025,7693,0
0.942,14612,0
0.7422,12363,0
0.5228,12407,0
0.8743,16084,0
0.3923,10815,0
0.4444,13018,0
0.5962,14390,0
0.6694,12024,0
0.6049,12220,0
0.6806,3378,0
0.8659,12388,0
0.7816,12825,0
0.8198,12506,0
0.4347,13844,0
0.7772,8462,0
0.7932,9924,0
0.6639,15112,0
0.6631,18693,0
0.6496,13276,0
0.6655,14239,0
0.3086,12593,0
0.822,14421,0
0.5289,11782,0
0.969,13654,0
0.6504,11822,0
1.0325,12247,0
0.8807,11332,0
0.702,13990,0
1.0851,13627,0
0.6354,6274,0
1,12611,0
0.8975,4935,0
0.3844,13662,0
0.4952,11873,0
0.8711,13489,0
0.5133,11751,0
0.7459,13386,0
0.4994,9520,0
0.6109,14932,0
0.4832,13903,0
0.9053,10306,0
0.5625,14697,0
0.8646,3043,0
1.0268,13025,0
0.5407,13866,0
0.8289,13484,0
0.8659,12574,0
0.8831,6962,0
0.7209,11248,0
0.81,12261,0
0.9056,12815,0
0.481,4785,0
0.9669,13563,0
0.6865,13421,0
0.2096,9933,0
0.5871,14429,0
0.6442,13584,0
0.4313,12145,0
0.6824,10545,0
0.7723,12974,0
0.8074,12395,0
0.9355,12437,0
0.3974,12054,0
0.481,4785,0
0.7594,11853,0
1,13249,0
0.7732,11814,0
0.5687,12180,0
1,12909,0
0.7622,12425,0
0.7077,13191,0
0.5472,11711,0
0.6728,13952,0
0.822,13292,0
0.7715,13954,0
0.5871,13831,0
0.8807,12666,0
0.8483,13340,0
0.6732,13783,0
0.3033,12253,0
0.8499,12143,0
0.7991,12540,0
0.7901,3373,0
0.3765,10452,0
0.5805,12814,0
0.394,13309,0
1.0902,12983,0
0.9716,12370,0
0.8583,12796,0
0.3546,10711,0
1,13523,0
0.5017,12488,0
0.4506,12357,0
0.9646,13484,0
0.5043,12679,0
0.8563,12342,0
0.7381,12677,0
1.0348,11960,0
0.5562,11456,0
0.7385,11597,0
0.95,13761,0
0.7347,12364,0
0.8336,6616,0
0.9755,12284,0
0.9344,12664,0
0.8573,13160,0
0.8424,11299,0
0.739,9879,0
0.4307,12655,0
0.702,13373,0
0.508,13105,0
0.9246,13875,0
0.1961,10571,0
0.5177,12314,0
1.0519,6307,0
0.7141,13515,0
0.3726,12040,0
0.2554,11157,0
0.6504,11665,0
0.49,13226,0
0.7282,13382,0
0.8711,12355,0
0.4444,13493,0
0.5625,12579,0
1.0879,13857,0
0.9375,11772,0
0.7656,13490,0
0.3686,13299,0
0.3564,11781,0
0.7347,12364,0
0.4997,4160,0
0.95,13761,0
0.964,6967,0
0.9298,11807,0
0.3478,13292,0
0.3641,11260,0
0.5529,16355,0
0.2545,15008,0
0.7672,18190,0
0.4702,11707,0
0.5102,12620,0
0.7199,12832,0
0.8603,15907,0
0.6453,11454,0
0.4617,13801,0
0.5988,12539,0
0.6694,7892,0
0.4344,17529,0
0.5354,13783,0
0.8336,16586,0
0.877,11329,0
1,16447,0
0.6872,13358,0
0.4858,11639,0
0.5184,16447,0
0.2392,20565,0
0.8114,16301,0
0.8646,11514,0
0.9412,12638,0
0.6944,15335,0
0.3239,15491,0
0.771,15045,0
0.9195,14279,0
0.3025,11151,0
0.8239,12879,0
0.3211,15285,0
0.4952,12269,0
0.8668,12862,0
0.8539,12954,0
0.4175,11208,0
0.3002,13474,0
0.8975,10385,0
0.976,12910,0
0.3861,14836,0
0.716,15669,0
1,11990,0
0.6306,12520,0
0.6838,11692,0
0.4645,15550,0
0.4542,15166,0
0.5289,13240,0
0.3619,15822,0
0.5307,16880,0
0.737,16113,0
0.36,15442,0
0.8732,11121,0
0.5354,13669,0
0.7594,11796,0
0.9253,16462,0
0.845,15444,0
0.9048,16684,0
1.0648,16901,0
0.2886,15256,0
0.2963,12441,0
0.3201,14873,0
0.5325,11984,0
0.5233,16824,0
0.6049,16324,0
0.907,13761,0
0.8638,15507,0
1.0342,12366,0
0.4831,16115,0
1.0952,18130,0
0.3938,23348,0
0.629,22545,0
0.6537,19664,0
0.5194,17227,0
0.6782,17234,0
0.7225,18006,0
0.4309,16884,0
0.3858,16275,0
0.3632,17476,0
0.362,17897,0
0.6483,10312,0
0.5733,17203,0
0.49,18815,0
1.0563,10488,0
0.3477,17847,0
0.528,18656,0
0.2999,17833,0
0.6492,17492,0
0.8499,17514,0
0.6125,18866,0
0.4586,16910,0
0.7571,17708,0
0.2343,16832,0
0.4472,17568,0
0.5552,18660,0
0.3723,17437,0
1.0404,16021,0
0.606,17301,0
0.455,18402,0
0.7685,18960,0
0.3476,16899,0
0.7326,18434,0
0.2557,17157,0
0.3093,18715,0
0.3682,18645,0
0.297,18498,0
0.5739,17386,0
0.2959,16394,0
0.4203,17003,0
0.3287,18246,0
0.9204,17451,0
0.8391,17533,0
0.2561,17459,0
0.8646,17435,0
1.0098,18751,0
1.0063,18878,0
0.3369,18575,0
0.3366,17917,0
0.3352,17118,0
0.4548,12836,0
0.2927,18589,0
0.5571,17561,0
0.3934,17342,0
0.433,18263,0
0.5121,17660,0
0.6927,16301,0
0.6303,18063,0
0.5384,17015,0
0.6797,16755,0
0.8464,17720,0
0.919,16129,0
0.438,18450,0
0.4805,3825,0
0.7489,2886,0
0.8444,3205,0
0.981,9309,0
0.7205,7080,0
0.6202,9861,0
0.6905,4487,0
0.5268,4307,0
1.1249,6691,0
0.8789,15740,0
1.0221,7733,0
0.9664,4329,0
0.676,5874,0
0.8264,5125,0
0.5534,6868,0
1.0261,4675,0
1,7147,0
0.6625,20833,0
0.5166,18532,0
0.315,16000,0
0.3328,14392,0
0.3964,13399,0
0.8464,17803,0
0.4881,12328,0
0.4681,10548,0
0.3412,15001,0
0.338,12994,0
0.4681,13822,0
0.3853,13392,0
0.7701,8926,0
0.6001,12832,0
0.475,11770,0
0.6221,14803,0
0.4145,11928,0
0.4839,10660,0
0.5197,13555,0
0.2963,10890,0
0.4393,12384,0
0.3989,13402,0
0.7856,12312,0
0.4839,15717,0
0.4483,12251,0
0.3371,16358,0
0.4328,13503,0
0.3748,9564,0
0.3517,14169,0
0.7525,15475,0
0.9664,14059,0
0.3886,10761,0
0.5155,9924,0
0.5463,10603,0
0.3246,10054,0
0.3403,8315,0
0.8539,10613,0
0.9037,14207,0
0.3164,14859,0
0.36,10613,0
0.3254,12421,0
0.1984,10686,0
0.4655,11548,0
0.4025,15512,0
0.3877,8209,0
0.8839,15662,0
1.0374,13911,0
0.6001,12547,0
0.25,14697,0
0.5206,11426,0
0.4178,11142,0
0.6098,15472,0
0.311,11036,0
0.2964,11120,0
0.409,10912,0
0.3631,9474,0
0.2865,10317,0
0.2879,9910,0
0.2596,13235,0
0.3882,17068,0
0.4066,8157,0
0.2637,7832,0
0.7549,15649,0
0.9487,15147,0
0.6318,17604,0
0.285,17061,0
0.4313,15667,0
0.3881,13703,0
0.6553,20972,0
1.0494,14036,0
0.3841,14072,0
0.3864,16105,0
0.6354,18306,0
0.3979,19492,0
0.4365,18825,0
0.407,11953,0
0.9037,18928,0
1,17378,0
0.8336,15028,0
0.3877,20097,0
0.5529,18185,0
0.5529,18185,0
0.3864,15289,0
0.9728,18121,0
0.5768,15090,0
0.7448,14593,0
0.8934,15032,0
0.3492,13514,0
0.5289,22598,0
0.802,11026,0
1,12439,0
0.9612,12256,0
0.907,14568,0
0.8668,10521,0
0.4385,15873,0
0.3104,14979,0
0.4656,10710,0
0.8542,14462,0
0.7238,14608,0
0.8521,14879,0
0.5578,14853,0
0.5125,13266,0
0.4611,13226,0
0.516,25793,0
0.6258,25521,0
0.7347,20528,0
0.8122,16692,0
0.4168,15200,0
0.748,15373,0
0.6977,15464,0
0.5575,12207,0
0.7282,12579,0
0.5216,13698,0
0.4545,9290,0
0.5057,11875,0
0.4017,9455,0
0.6542,11831,0
0.64,13609,0
0.5171,15476,0
0.3745,14027,0
0.4839,12575,0
0.6188,11450,0
0.4078,10732,0
0.3906,13806,0
0.3663,13978,0
0.2603,13351,0
0.2603,13351,0
0.5378,12655,0
0.4858,13747,0
0.6437,13784,0
0.3265,14896,0
0.5184,16434,0
0.5325,12012,0
0.6553,17070,0
0.8804,16484,0
0.6633,16030,0
0.346,18353,0
0.6006,18510,0
0.5933,18287,0
0.3815,13600,0
0.4066,11423,0
0.4702,10078,0
0.2314,10716,0
0.5289,11360,0
0.5308,13088,0
0.5917,15891,0
0.5625,15670,0
0.5524,14372,0
0.5739,15263,0
0.5393,13174,0
0.3492,12242,0
0.7422,12609,0
0.1548,11492,0
0.7955,14006,0
0.7048,14971,0
0.5102,10152,0
0.3485,21670,0
0.602,8778,0
0.6516,22370,0
0.6639,19114,0
0.7571,12077,0
0.6313,13767,0
0.2975,14811,0
0.3698,16422,0
0.9001,13903,0
0.6694,15849,0
0.4247,12619,0
0.7656,14036,0
0.5364,8891,0
0.3478,13834,0
0.4727,13086,0
0.5747,8658,0
0.7837,10318,0
0.2151,14262,0
0.8825,15403,0
0.6125,16269,0
0.4121,13940,0
0.4681,24239,0
0.3499,13504,0
0.5043,14946,0
0.4225,12661,0
0.4972,16379,0
0.5354,12915,0
0.6173,11014,0
1.0863,17645,0
0.9535,15363,0
0.59,13564,0
0.5216,12731,0
0.6313,14013,0
0.7199,17221,0
0.5216,12817,0
0.4556,13341,0
0.2994,11388,0
0.36,13464,0
0.7315,16636,0
0.5102,15147,0
0.4763,11551,0
0.6276,14342,0
0.4017,11211,0
0.5848,11496,0
1.05,12470,0
0.9699,14058,0
0.8934,16121,0
0.5871,20005,0
1.0563,15571,0
0.8825,13878,0
0.7459,17636,0
0.9365,19167,0
0.7723,15284,0
0.7991,11982,0
0.9716,11932,0
0.7586,13207,0
0.8948,11877,0
0.7199,11042,0
0.7385,14615,0
1.0615,14079,0
0.6849,10303,0
0.6516,16843,0
0.9429,12005,0
0.7877,11874,0
0.5625,12740,0
0.8169,11121,0
1,15104,0
1.0305,15197,0
0.8573,12496,0
0.8825,14895,0
0.6639,16387,0
1.0555,11394,0
0.8954,14614,0
0.8521,13409,0
0.8336,13482,0
0.7347,12788,0
1,12928,0
0.5917,10511,0
0.7315,15488,0
0.9704,12026,0
0.9403,11891,0
0.9758,13576,0
0.9704,12026,0
0.7459,12741,0
0.6944,13975,0
0.9025,12438,0
0.59,10698,0
0.4102,13771,0
0.4102,13771,0
1.0916,15178,0
1.0563,11286,0
0.8539,12101,0
1.0272,13654,0
0.8641,11126,0
0.6694,21403,0
0.9755,15867,0
0.7715,11684,0
0.6795,13380,0
0.7591,17666,0
0.6824,15692,0
1.0727,15274,0
0.7472,12120,0
0.9184,13008,0
0.7315,14935,0
0.9658,11963,0
0.9758,13226,0
0.8054,14910,0
0.598,16303,0
0.9658,12928,0
0.8174,12615,0
0.7034,11762,0
0.8934,15391,0
1.0296,15338,0
0.5102,16876,0
0.7851,20951,0
0.8359,16749,0
1.0714,12716,0
0.6173,13896,0
0.889,17912,0
0.815,19036,0
0.7056,18808,0
0.5206,16198,0
0.8732,13985,0
0.7311,15407,0
0.4526,14340,0
0.7715,13525,0
1.0952,10983,0
0.4313,14048,0
0.3498,14537,0
0.5043,12823,0
0.4119,12513,0
0.2603,20267,0
0.5578,21839,0
0.8306,18021,0
0.8694,17876,0
0.5043,17853,0
1.0305,22351,0
0.4444,18459,0
1.0548,25368,0
0.5785,22183,0
0.2865,17280,0
0.6202,17018,0
0.4632,32191,0
0.5125,20247,0
0.4632,19382,0
0.4994,20955,0
0.6944,20004,0
0.2879,16707,0
0.5308,19820,0
0.5749,22900,0
0.8346,20013,0
0.5453,18468,0
0.4881,19424,0
0.3483,20892,0
0.8424,20767,0
0.2612,20843,0
0.4078,17326,0
0.5289,17049,0
0.3943,18562,0
0.338,19194,0
0.7347,20283,0
1,22714,0
0.4521,20054,0
0.3436,22097,0
0.3265,17512,0
0.4178,19565,0
0.4017,20056,0
0.9652,19156,0
0.4847,20088,0
0.5071,19205,0
0.2964,20440,0
0.8313,20292,0
1.0272,18836,0
0.4881,19755,0
0.4328,17669,0
0.7825,17999,0
0.5755,17297,0
0.7199,19535,0
0.3051,15969,0
0.4313,20447,0
0.4763,20392,0
0.5364,20721,0
0.8264,11895,0
0.9708,15969,0
0.3499,20447,0
1.0615,10897,0
0.4508,20547,0
0.4497,17691,0
1,20094,0
0.3574,20800,0
0.407,20184,0
0.7213,21841,0
0.2637,15330,0
0.676,11340,0
0.5364,17225,0
0.5442,10847,0
0.6715,11579,0
1.0221,13653,0
0.9708,21886,0
0.8975,19497,0
0.8743,25742,0
0.9728,25357,0
0.7307,18323,0
0.7056,31017,0
0.7723,23050,0
0.5687,16855,0
0.9699,20638,0
0.4017,19130,0
0.6125,27400,0
0.5625,24418,0
0.5885,23399,0
0.277,26352,0
0.6267,25840,0
0.9173,22705,0
0.5524,23308,0
0.8428,22403,0
1.0839,17546,0
0.6125,24559,0
0.3478,20930,0
0.7091,17780,0
1.0261,10411,0
0.5534,12950,0
0.8323,21232,0
0.5962,20085,0
0.4121,19416,0
0.5407,19415,0
0.8934,24752,0
0.8573,25031,0
0.2875,22079,0
0.5251,20302,0
0.4313,19656,0
0.3352,21398,0
0.3881,20845,0
0.3762,23749,0
0.8047,20052,0
0.9365,24284,0
0.8077,23863,0
0.5917,24799,0
0.3841,20401,0
0.5487,8721,0
0.6306,20706,0
0.7991,23423,0
0.9716,19060,0
0.3403,22937,0
0.3748,18919,0
0.9535,23072,0
0.7311,22738,0
0.8774,24874,0
0.9334,12338,0
0.6715,22265,0
0.7347,20580,0
0.7683,20473,0
0.9206,19350,0
0.6445,22065,0
0.4526,22770,0
0.7785,18724,0
0.64,27138,0
0.7686,22164,0
0.8521,20469,0
0.8934,23159,0
0.5216,19928,0
0.8825,22042,0
0.6323,16501,0
0.5625,23044,0
0.6986,22002,0
0.4444,21016,0
0.3516,32836,0
0.8444,25826,0
0.8428,21701,0
0.4994,23507,0
0.6357,19909,0
0.6834,22390,0
0.4655,18604,0
0.3824,18347,0
0.8479,19927,0
0.3971,19835,0
0.4318,17073,0
0.8306,21531,0
0.4066,20250,0
0.5917,18485,0
0.6156,20654,0
0.4839,17331,0
0.4853,21953,0
0.7264,9533,0
0.4983,19737,0
0.7715,20636,0
0.7625,19389,0
0.6173,26657,0
0.5325,20020,0
0.7315,19790,0
0.7489,10937,0
0.5155,17642,0
1,24878,0
0.9664,21533,0
0.2963,17311,0
0.5572,19274,0
0.9745,23280,0
0.5625,20730,0
0.3787,19509,0
0.8336,21685,0
0.346,22509,0
0.4916,21768,0
0.8444,11025,0
0.3805,20647,0
0.393,21890,0
0.6824,24305,0
0.4545,16618,0
0.5575,20687,0
0.7205,16085,0
0.405,21166,0
0.49,25399,0
0.3824,21203,0
0.4539,21530,0
0.3853,20723,0
0.7856,20554,0
0.9403,18124,0
0.59,19338,0
0.33,20241,0
0.3333,15191,0
0.8539,19108,0
1,19690,0
0.7443,24860,0
0.5727,23224,0
0.5289,16751,0
0.64,22007,0
1,21929,0
0.3245,21979,0
0.5625,19052,0
0.2565,21374,0
0.5524,21156,0
0.3735,20231,0
0.8551,19774,0
0.8289,22457,0
0.4497,20165,0
0.3255,21298,0
0.5971,22437,0
0.8289,19696,0
0.3951,15066,0
0.338,17913,0
0.36,19948,0
0.9809,14889,0
0.3884,16969,0
0.5814,25384,0
0.5951,401,1
0.1555,9060,1
0.2744,1119,1
0.3745,3934,1
0.64,1723,1
0.8125,2515,1
0.428,6828,1
0.0114,595,1
0.011,275,1
0.3265,5228,1
0.548,8969,1
0.5709,5247,1
0.3745,3934,1
0.4596,1292,1
0.3757,1978,1
0.7119,6757,1
0.1593,10360,1
0.2796,13577,1
0.7193,11410,1
0.1612,12144,1
0.0873,6735,1
0.2136,9982,1
0.4624,13071,1
0.4313,9249,1
0.3388,10066,1
0.3957,14019,1
0.4444,12561,1
0.2857,12948,1
0.4589,14487,1
0.4133,9432,1
0.302,8589,1
0.4605,10230,1
0.0546,9325,1
0.1318,13699,1
0.1383,11239,1
0.1385,11939,1
0.0896,10283,1
0.3951,11288,1
0.339,7284,1
0.3617,15378,1
0.1732,7830,1
0.2754,18307,1
0.4302,10541,1
0.2889,8225,1
0.2461,14201,1
0.2412,8216,1
0.5268,8907,1
0.4444,7801,1
0.2878,7654,1
0.1981,12096,1
0.1982,12693,1
0.366,7570,1
0.6327,8803,1
0.0567,18374,1
0.1893,16424,1
0.3445,8295,1
0.1968,13565,1
0.2776,13191,1
0.739,4876,1
0.2892,9598,1
0.0537,7158,1
0.6075,9942,1
0.232,20853,1
0.2689,12269,1
0.6156,7115,1
0.114,10711,1
0.2316,14624,1
0.0578,7758,1
0.0424,7713,1
0.4217,13000,1
0.3104,10873,1
0.3483,15136,1
0.6092,11880,1
0.1996,14887,1
0.1837,8408,1
0.1817,10568,1
0.3815,10858,1
0.4005,15152,1
0.2549,8079,1
0.2204,8564,1
0.6107,9141,1
0.1569,12351,1
0.196,16617,1
0.0944,11553,1
0.3777,13555,1
0.1018,13859,1
0.079,6984,1
0.6148,8679,1
0.1751,7681,1
0.3225,10070,1
0.4444,8164,1
0.1055,12711,1
0.513,9272,1
0.2699,7507,1
0.2046,10686,1
0.7041,11713,1
0.3523,15748,1
0.2651,7905,1
0.1262,9878,1
0.177,14440,1
0.2385,7676,1
0.3233,7079,1
0.4649,7250,1
0.3529,6937,1
0.1521,8309,1
0.2571,2237,1
0.2411,12644,1
0.0379,10956,1
0.0947,7073,1
0.1449,9675,1
0.7115,6854,1
0.3531,2414,1
0.6449,1536,1
0.6346,1957,1
0.7193,5691,1
0.4119,4595,1
0.8264,1438,1
0.7287,3353,1
0.6173,4982,1
0.2811,2404,1
0.3164,7186,1
0.5256,6192,1
0.7034,5775,1
0.346,14420,1
0.6183,6780,1
0.7034,5775,1
0.5557,4657,1
0.1942,4243,1
0.7104,5069,1
0.2351,7430,1
0.2284,1399,1
0.2536,6218,1
0.7104,5069,1
0.3989,6402,1
0.6143,2167,1
0.4293,6012,1
0.4444,3403,1
0.4444,2383,1
0.2364,12214,1
0.3007,8567,1
0.8434,2504,1
0.2206,4279,1
0.5325,3393,1
0.4311,13335,1
0.4738,14676,1
0.3253,6458,1
0.1314,794,1
0.1086,157,1
0.6188,16526,1
0.25,1458,1
0.2151,4532,1
0.5077,4342,1
0.3306,4569,1
0.2073,4203,1
0.2542,3498,1
0.3673,10546,1
0.5166,4320,1
0.64,6801,1
0.7119,1357,1
0.216,5888,1
0.5476,1083,1
0.3287,2061,1
0.4878,2759,1
0.1259,3610,1
0.2756,1433,1
0.3287,2061,1
0.3971,7519,1
0.8158,355,1
0.4171,4109,1
0.5253,6474,1
0.2066,1453,1
0.5052,8043,1
0.4263,4656,1
0.1047,16836,1
0.143,12271,1
0.626,10242,1
0.0821,11794,1
0.0874,14193,1
0.1355,10169,1
0.2244,9135,1
0.1991,10230,1
0.8125,6958,1
0.2268,10112,1
0.2141,9525,1
0.1479,6362,1
0.2188,12141,1
0.0935,11699,1
0.4952,10711,1
0.2442,8729,1
0.2865,16305,1
0.2395,5157,1
0.2929,8825,1
0.2532,11703,1
0.3062,13587,1
0.0513,10981,1
0.2018,10166,1
0.1036,8839,1
0.2722,11119,1
0.09,8680,1
0.3225,16401,1
0.7091,11821,1
0.2244,8332,1
0.0799,9528,1
0.3123,15581,1
0.1567,6965,1
0.1174,15150,1
0.2275,13566,1
0.143,15392,1
0.3765,7652,1
0.3315,8747,1
0.1164,16429,1
0.5289,9073,1
0.2922,8005,1
0.2359,18004,1
0.4556,9867,1
0.4261,8247,1
0.2308,10860,1
0.1017,9070,1
0.4391,9938,1
0.409,12440,1
0.25,9319,1
0.6125,10374,1
0.4756,8946,1
0.2627,8835,1
0.64,3428,1
0.2922,7992,1
0.0378,7051,1
0.0963,13654,1
0.2782,8954,1
0.6213,13554,1
0.4198,14009,1
0.3289,9575,1
0.0568,13975,1
0.3285,10243,1
0.1223,19349,1
0.0286,7492,1
0.0064,6537,1
0.2173,8372,1
0.065,7279,1
0.4217,11018,1
0.5189,14820,1
0.4196,8827,1
0.4153,7268,1
0.5268,7364,1
0.3306,9347,1
0.4157,12114,1
0.1518,7992,1
0.1125,15726,1
0.1029,9608,1
0.2001,13601,1
0.3174,9074,1
0.3872,8199,1
0.5053,9482,1
0.25,11861,1
0.3403,8748,1
0.5625,7512,1
0.3971,7892,1
0.2442,10889,1
0.0847,7480,1
0.2139,9849,1
0.2694,16144,1
0.4689,14779,1
0.1362,15273,1
0.2044,9447,1
0.1053,8048,1
0.6133,12289,1
0.1228,8414,1
0.8006,7844,1
0.0598,9953,1
0.2206,7430,1
0.2565,7864,1
0.1523,7583,1
0.5102,10667,1
0.2158,10760,1
0.209,8828,1
0.405,8849,1
0.4548,9353,1
0.4088,7878,1
0.4158,16364,1
0.0354,7196,1
0.2351,7544,1
0.7494,3364,1
0.5747,7906,1
0.2942,8584,1
0.8622,4961,1
0.464,4119,1
0.6049,3153,1
0.8403,5186,1
0.8346,5593,1
0.3467,969,1
0.405,3555,1
0.5625,1154,1
0.5308,4208,1
0.4582,6431,1
0.7225,7628,1
0.4876,9710,1
0.5526,6592,1
0.7235,3386,1
0.3679,3787,1
0.4746,4298,1
0.4921,4956,1
0.5831,2580,1
0.6119,6437,1
0.5656,6631,1
0.3633,4354,1
0.7252,4788,1
0.285,3345,1
0.2893,5733,1
0.453,3988,1
0.428,5106,1
0.9704,3787,1
0.534,9601,1
0.4102,4196,1
0.2975,4595,1
0.531,5398,1
0.2025,5646,1
0.6252,7496,1
0.6125,5013,1
0.3583,7931,1
0.9769,3224,1
0.635,4515,1
0.3543,3408,1
0.3211,5981,1
0.2055,10871,1
0.1944,8733,1
0.5349,9961,1
0.1441,9552,1
0.0518,6988,1
0.7287,11084,1
0.0603,8330,1
0.3971,10167,1
0.4408,13419,1
0.5017,13672,1
0.6097,10687,1
0.2114,7978,1
0.7077,11510,1
0.0439,9017,1
0.534,11729,1
0.5289,13773,1
0.5696,6817,1
0.2994,10909,1
0.0439,9017,1
0.9831,15233,1
0.9184,6986,1
0.4526,12328,1
0.3164,12604,1
0.926,9753,1
0.5325,14592,1
0.2837,11237,1
0.4777,16033,1
0.1169,8289,1
0.0826,12869,1
0.0769,20523,1
0.1072,10743,1
0.1051,14546,1
0.4064,9383,1
0.1632,10002,1
0.702,11115,1
0.1203,9075,1
0.2544,15116,1
0.4148,19291,1
0.3403,14579,1
0.1143,11864,1
0.1951,7041,1
0.1192,7196,1
0.4983,10303,1
0.3819,8911,1
0.7044,10343,1
0.1189,8522,1
0.1465,12702,1
0.1824,10442,1
0.0974,13433,1
0.3654,10047,1
0.7347,8245,1
0.5184,13096,1
0.9732,15903,1
0.1303,9932,1
0.2178,13878,1
0.2682,9264,1
0.0764,12565,1
0.602,9193,1
0.9667,11464,1
0.5566,10591,1
0.4793,10185,1
0.0415,8622,1
0.1368,12088,1
0.0524,10542,1
0.1354,14300,1
0.2336,9686,1
0.1111,8533,1
0.3086,10061,1
0.2916,11445,1
0.2727,8577,1
0.4253,16012,1
0.4793,10185,1
0.6313,13146,1
0.1587,7398,1
0.3298,13187,1
0.5346,11185,1
0.2838,11579,1
0.3867,14852,1
0.4675,15222,1
0.3102,16470,1
0.3343,11922,1
0.0922,15075,1
0.2932,14002,1
0.0174,11158,1
0.2984,14571,1
0.0846,16017,1
0.3813,18114,1
0.5125,7600,1
0.1521,11387,1
0.5472,12776,1
0.0942,15723,1
0.1188,14650,1
0.4576,15745,1
0.096,9937,1
0.0393,12922,1
0.1131,11936,1
0.3048,15416,1
0.0927,9914,1
0.1565,14546,1
0.0716,7974,1
0.138,16345,1
0.0837,16226,1
0.1318,16058,1
0.1075,16017,1
0.0912,15552,1
0.0897,16018,1
0.1,15743,1
0.0257,7925,1
0.0924,10989,1
0.0654,15363,1
0.1111,11983,1
0.152,15672,1
0.0492,13322,1
0.602,12905,1
0.1101,9161,1
0.1223,11791,1
0.0732,15696,1
0.0363,9247,1
0.1458,17980,1
0.5102,16931,1
0.1146,14341,1
0.3335,14188,1
0.2004,16400,1
0.2474,15261,1
0.0425,9985,1
0.1902,16661,1
0.0637,14450,1
0.2406,15437,1
0.0867,15408,1
0.1674,14505,1
0.0772,15861,1
0.1075,14187,1
0.0847,16427,1
0.25,18430,1
0.0835,16963,1
0.0544,13003,1
0.3496,14803,1
0.2903,9795,1
0.1063,9850,1
0.4521,8815,1
0.4614,8728,1
0.0996,15810,1
0.045,8367,1
0.4659,15544,1
0.1221,15047,1
0.062,8798,1
0.1018,9548,1
0.5625,9139,1
0.1293,14269,1
0.0607,10997,1
0.0631,16985,1
0.629,8643,1
0.1919,10784,1
0.2825,12179,1
0.6233,8973,1
0.64,9975,1
0.7034,9552,1
0.1504,16993,1
0.2587,14465,1
0.5102,11408,1
0.5365,15295,1
0.0926,9634,1
0.0413,8334,1
0.1015,12236,1
0.179,14993,1
0.4705,15255,1
0.2592,14640,1
0.3578,11727,1
0.4253,13733,1
0.4025,13241,1
0.1413,17359,1
0.5566,5944,1
0.6136,11229,1
0.2618,16916,1
0.2459,12854,1
0.5102,13900,1
0.0776,13708,1
0.4972,12589,1
0.5216,14893,1
0.4082,12711,1
0.6119,9944,1
0.2096,14504,1
0.1123,14995,1
0.3824,14028,1
0.0445,7235,1
0.4863,11259,1
0.1041,11279,1
0.1303,17442,1
0.0704,8786,1
0.2799,15475,1
0.1802,11137,1
0.1655,10282,1
0.3765,11789,1
0.089,15163,1
0.4605,10607,1
0.1026,15562,1
0.5642,13744,1
0.3989,12644,1
0.7044,10343,1
0.0554,17039,1
0.1144,14989,1
0.5667,11485,1
0.213,8429,1
0.2236,15217,1
0.3705,14663,1
0.4235,7968,1
0.0631,16182,1
0.4021,12511,1
0.2427,14344,1
0.4356,9229,1
0.5544,13685,1
0.2523,13178,1
0.2692,14240,1
0.0527,8417,1
0.0376,11553,1
0.1385,13428,1
0.0651,9860,1
0.214,12919,1
0.0602,10285,1
0.0639,12314,1
0.1129,11294,1
0.3352,13259,1
0.3521,13765,1
0.0481,6804,1
0.1008,11484,1
0.1837,14909,1
0.4624,10392,1
0.0433,8344,1
0.2893,10446,1
0.2028,10979,1
0.4011,13454,1
0.1204,12843,1
0.2593,13874,1
0.2159,7733,1
0.0324,9090,1
0.6014,11967,1
0.3964,12749,1
0.4793,7375,1
0.3278,12042,1
0.0324,9090,1
0.3964,12749,1
0.1696,9853,1
0.1781,11425,1
0.5691,9671,1
0.0821,8992,1
0.1312,8803,1
0.1714,9361,1
0.3152,10446,1
0.462,11673,1
0.2184,9550,1
0.4805,12658,1
0.0169,8067,1
0.1072,11369,1
0.0695,6745,1
0.0973,6775,1
0.0637,7629,1
0.4444,12272,1
0.0631,7038,1
0.1123,13554,1
0.1886,13502,1
0.04,7382,1
0.5166,12194,1
0.0906,13913,1
0.2927,8207,1
0.156,9375,1
0.4878,9604,1
0.1541,11031,1
0.0454,8394,1
0.1097,12754,1
0.06,11328,1
0.0816,9089,1
0.0746,12454,1
0.1012,8158,1
0.0536,8344,1
0.1714,10939,1
0.1504,14207,1
0.0592,13611,1
0.1541,11031,1
0.4611,13887,1
0.0702,7730,1
0.2051,14780,1
0.254,12252,1
0.0462,9973,1
0.2378,14883,1
0.4599,8532,1
0.4763,11827,1
0.1138,13870,1
0.0519,7813,1
0.0394,8246,1
0.1299,16153,1
0.0476,15968,1
0.2587,13347,1
0.1924,11015,1
0.0328,12891,1
0.0951,14525,1
0.7209,7246,1
0.1008,14541,1
0.0854,15215,1
0.2401,10152,1
0.5429,9840,1
0.4874,9368,1
0.0348,12809,1
0.0538,7581,1
0.1177,12680,1
0.5203,9837,1
0.3505,12679,1
0.1692,11397,1
0.1702,13691,1
0.0671,11093,1
0.3943,11479,1
0.6079,9069,1
0.0728,9289,1
0.4536,13644,1
0.0329,9116,1
0.0475,13348,1
0.3328,14016,1
0.4279,10706,1
0.4911,9638,1
0.0342,8464,1
0.078,13039,1
0.0337,12245,1
0.3102,13547,1
0.3403,12644,1
0.1498,11723,1
0.4077,14740,1
0.4444,12272,1
0.5171,10103,1
0.25,9316,1
0.5036,9205,1
0.4265,8993,1
0.2041,14391,1
0.2203,7912,1
0.0348,14418,1
0.0944,11361,1
0.3123,4202,1
0.5679,2984,1
0.0955,8463,1
0.0335,1763,1
0.64,4195,1
0.5008,5499,1
0.229,6534,1
0.6524,4686,1
0.6125,7460,1
0.0383,1398,1
0.2887,5046,1
0.6453,4897,1
0.3618,9138,1
0.5526,7262,1
0.6453,4897,1
0.4605,4906,1
0.1794,2698,1
0.1993,4705,1
0.1288,13430,1
0.5951,4512,1
0.2713,10019,1
0.2143,4366,1
0.4654,6960,1
0.5824,7599,1
0.5951,4512,1
0.4664,3248,1
0.5378,8506,1
0.2812,9312,1
0.5848,4232,1
0.36,3408,1
0.4082,3007,1
0.5203,4767,1
0.3974,3669,1
0.5237,6230,1
0.4281,4276,1
0.2583,2904,1
0.5364,4083,1
0.6719,5507,1
0.36,1652,1
0.5493,5008,1
0.471,5254,1
0.4594,10262,1
0.5345,5761,1
0.1867,1674,1
0.3284,1483,1
0.1049,2209,1
0.3403,3240,1
0.3543,1600,1
0.4727,5280,1
0.1932,2640,1
0.1895,3387,1
0.4175,4264,1
0.0922,9131,1
0.2939,4867,1
0.2173,5539,1
0.3324,4205,1
0.5119,8096,1
0.3832,3178,1
0.4823,7022,1
0.3338,3584,1
0.2252,3624,1
0.4261,4239,1
0.4774,3400,1
0.5043,4300,1
0.3906,3282,1
0.5268,4274,1
0.124,4260,1
0.3841,4633,1
0.1574,5009,1
0.2081,1561,1
0.2987,2342,1
0.5068,5052,1
0.3906,3282,1
0.4691,6930,1
0.2637,1168,1
0.3623,6505,1
0.0584,13473,1
0.5302,7080,1
0.2907,5542,1
0.1569,8783,1
0.4888,6214,1
0.64,5953,1
0.0384,9015,1
0.36,10870,1
0.2053,10148,1
0.0341,8996,1
0.2268,10830,1
0.2377,10141,1
0.4247,5097,1
0.3543,8887,1
0.0634,11907,1
0.0974,9427,1
0.0538,10417,1
0.139,8709,1
0.259,8809,1
0.2716,11479,1
0.1206,9305,1
0.1506,10108,1
0.1412,9949,1
0.101,9480,1
0.09,9899,1
0.1141,10016,1
0.6049,9865,1
0.0738,10751,1
0.175,9473,1
0.0104,8561,1
0.0359,9789,1
0.065,9368,1
0.1668,8470,1
0.0936,9873,1
0.1581,10315,1
0.058,9144,1
0.2271,9001,1
0.1349,8963,1
0.2551,9384,1
0.0916,10026,1
0.262,9388,1
0.0359,8839,1
0.1327,9247,1
0.5691,4657,1
0.0776,9869,1
0.25,9891,1
0.0689,8672,1
0.0608,9309,1
0.0705,8715,1
0.5166,8210,1
0.0643,8634,1
0.4404,9874,1
0.4649,4357,1
0.3578,6079,1
0.409,4602,1
0.2926,9585,1
0.3906,3112,1
0.5349,4748,1
0.3315,4912,1
0.5393,4155,1
0.3994,7184,1
0.5216,6959,1
0.485,4588,1
0.324,3197,1
0.2092,9157,1
0.3243,5761,1
0.2632,4528,1
0.3066,5551,1
0.4793,6309,1
0.4359,9590,1
0.4133,5427,1
0.2729,4974,1
0.5393,4993,1
0.2186,5290,1
0.4307,7931,1
0.1217,10540,1
0.3338,3195,1
0.0871,6400,1
0.4818,9443,1
0.1845,8494,1
0.4702,6842,1
0.1495,8554,1
0.1956,3739,1
0.0798,10315,1
0.1583,9010,1
0.1393,8968,1
0.4727,5280,1
0.0644,10416,1
0.1385,11162,1
0.5082,6602,1
0.0897,8584,1
0.1198,10875,1
0.0963,9405,1
0.1179,9708,1
0.4617,9998,1
0.4548,3301,1
0.0746,8580,1
0.2844,9913,1
0.1158,10435,1
0.0919,9097,1
0.1123,9698,1
0.0816,8654,1
0.3017,4152,1
0.0562,9601,1
0.0569,11161,1
0.0655,11910,1
0.1232,11844,1
0.121,11818,1
0.0984,11810,1
0.5931,8765,1
0.5674,9379,1
0.5625,11614,1
0.3086,10566,1
0.06,10284,1
0.5691,4657,1
0.1521,11734,1
0.1754,11208,1
0.4871,10910,1
0.1769,11493,1
0.3265,10694,1
0.1111,9075,1
0.0877,11381,1
0.0564,11119,1
0.3067,9190,1
0.4874,8198,1
0.153,7895,1
0.0453,6913,1
0.5166,9709,1
0.598,9589,1
0.0388,7359,1
0.3519,10340,1
0.1908,6818,1
0.0848,7461,1
0.2318,9484,1
0.3204,9251,1
0.0848,7461,1
0.3765,8907,1
0.4702,7983,1
0.4617,8926,1
0.3679,8512,1
0.5312,6748,1
0.1614,6960,1
0.2552,6066,1
0.0977,7180,1
0.4832,7796,1
0.1723,7452,1
0.1033,9273,1
0.4659,7536,1
0.25,9427,1
0.3951,9881,1
0.5263,6359,1
0.2244,9281,1
0.3352,9996,1
0.5102,8799,1
0.4777,9409,1
0.0266,7038,1
0.5102,7696,1
0.0389,6669,1
0.2107,6555,1
0.4344,7733,1
0.5505,8891,1
0.4777,9409,1
0.36,6477,1
0.0906,9969,1
0.0224,8306,1
0.5456,6009,1
0.1089,9115,1
0.0973,9117,1
0.2071,11002,1
0.0368,8749,1
0.0779,8614,1
0.1065,9619,1
0.0221,10398,1
0.1763,8835,1
0.0524,9590,1
0.1433,10751,1
0.0869,10190,1
0.0746,9273,1
0.0716,9206,1
0.5028,7992,1
0.058,8824,1
0.063,8248,1
0.0678,9151,1
0.2881,9976,1
0.0563,8528,1
0.5036,9357,1
0.4497,9442,1
0.5268,8590,1
0.054,6651,1
0.407,8908,1
0.2736,8964,1
0.3621,10075,1
0.4444,6304,1
0.5331,9607,1
0.2844,6286,1
0.5077,9560,1
0.0416,6909,1
0.213,8291,1
0.3623,8423,1
0.5216,7868,1
0.0935,8982,1
0.2046,7946,1
0.4307,7457,1
0.0891,9729,1
0.0603,7849,1
0.0883,10910,1
0.0615,9088,1
0.3017,8964,1
0.0586,8228,1
0.2865,9779,1
0.6143,8793,1
0.2865,9779,1
0.0103,8000,1
0.5739,9453,1
0.2888,7601,1
0.0164,7948,1
0.2284,7552,1
0.4632,10002,1
0.4997,10363,1
0.3798,7451,1
0.5325,9198,1
0.1348,8322,1
0.203,8671,1
0.1086,8773,1
0.1016,8789,1
0.2934,9658,1
0.2073,10864,1
0.4369,7799,1
0.2585,10749,1
0.4356,8766,1
0.3881,9559,1
0.4878,9560,1
0.2564,7222,1
0.4259,9702,1
0.2066,8342,1
0.4444,10206,1
0.3467,8467,1
0.405,9934,1
0.5625,8495,1
0.3679,9764,1
0.3718,9896,1
0.2744,9724,1
0.5625,21683,2
0.6498,19748,2
0.5722,23990,2
0.6213,9833,2
1.0325,10249,2
0.4832,9117,2
0.8581,16684,2
0.2959,45532,2
1.0635,20128,2
0.4776,17540,2
0.4693,18136,2
0.6646,15118,2
0.3245,15840,2
0.64,15659,2
0.9474,33441,2
0.7459,13860,2
0.3385,24359,2
0.9664,21051,2
0.3174,10387,2
0.8825,14475,2
0.8646,11381,2
0.6635,10296,2
0.2108,22660,2
0.6613,14963,2
0.803,9962,2
0.8677,12243,2
0.907,12572,2
0.8139,23691,2
0.9288,14998,2
0.9506,9710,2
0.5499,10036,2
0.4999,18585,2
0.8346,10291,2
1.0981,19746,2
0.698,14926,2
0.5724,12562,2
0.742,24442,2
0.2727,11607,2
0.8472,13324,2
0.7851,14557,2
0.338,13293,2
1.0523,14800,2
0.8874,13209,2
0.6049,9979,2
0.8962,15981,2
0.7818,20014,2
0.6655,17457,2
0.3361,10723,2
0.1454,28373,2
0.9766,13489,2
0.5253,20463,2
0.3837,12682,2
0.9412,11463,2
0.5384,19288,2
0.8428,15416,2
0.7175,17253,2
0.8556,14941,2
1.0597,18796,2
0.6834,11158,2
0.3014,12002,2
0.4619,17343,2
0.5083,17993,2
0.9784,27686,2
0.3628,21868,2
0.48,16304,2
0.4863,29858,2
0.4015,21847,2
0.6478,32752,2
0.9112,35917,2
0.5136,28156,2
0.9699,23186,2
0.4064,12890,2
0.4268,10321,2
0.6474,9367,2
0.9158,19098,2
0.2075,22795,2
0.8383,19387,2
0.6173,20542,2
0.6813,8937,2
0.4178,8596,2
0.7235,9761,2
0.748,9362,2
0.4642,10590,2
0.8122,9682,2
0.9192,8209,2
0.6669,42498,2
0.2987,13464,2
0.8403,16029,2
0.5407,29072,2
0.8144,10718,2
0.8896,20744,2
0.9524,14535,2
0.5102,10364,2
0.8566,12116,2
0.3701,11710,2
0.5082,16351,2
0.5317,10207,2
0.2744,12984,2
0.7979,26602,2
0.548,18799,2
0.8603,11068,2
0.7845,16654,2
0.3572,25993,2
0.2325,24193,2
0.7944,12751,2
0.8573,14783,2
0.7056,14796,2
0.8988,13937,2
0.3287,14672,2
0.785,30224,2
0.4793,11281,2
0.3638,11866,2
0.9112,15278,2
0.7119,16071,2
0.7656,16365,2
0.4039,14789,2
0.3561,13855,2
0.4207,15803,2
0.4539,14857,2
0.9246,12488,2
0.7071,11942,2
0.6478,11967,2
0.6122,10891,2
0.547,10087,2
0.9294,18213,2
0.4983,15564,2
0.2583,12467,2
0.4484,21555,2
0.5702,12257,2
0.8536,15228,2
0.7772,10938,2
0.9518,17904,2
0.1952,21924,2
0.3445,18624,2
0.5439,9284,2
0.5451,17380,2
0.7692,30834,2
0.3097,22462,2
0.8063,21149,2
0.9273,14157,2
0.599,56640,2
0.7432,9482,2
0.2105,10177,2
0.651,16482,2
0.2891,10225,2
0.929,36427,2
0.7549,16379,2
0.8581,15362,2
0.7347,12061,2
0.3974,12402,2
0.9739,10812,2
0.7193,11981,2
0.3535,9413,2
0.5213,19207,2
0.3735,16541,2
0.2626,14843,2
0.7594,11978,2
0.3657,13833,2
0.5592,24268,2
0.3644,19480,2
0.7468,13363,2
0.302,17828,2
0.8772,19509,2
0.6989,19621,2
0.6743,21402,2
0.6193,17784,2
0.9518,29145,2
0.6169,27574,2
0.8499,13007,2
0.4355,36576,2
0.3723,10943,2
0.2135,14879,2
0.4389,23927,2
0.5127,10481,2
0.2778,12183,2
0.4278,16798,2
0.4444,12332,2
0.8641,11179,2
0.5429,10049,2
0.951,15290,2
0.415,19662,2
1,25592,2
0.8047,9519,2
0.516,11624,2
0.6243,11266,2
0.3519,20987,2
0.9125,12067,2
0.7755,10210,2
0.2345,18282,2
0.5244,11509,2
0.9739,18135,2
0.6346,11949,2
0.9195,11640,2
0.9583,10376,2
0.7785,16915,2
0.3195,10395,2
0.6154,25383,2
0.4113,11564,2
0.2934,11931,2
0.3232,17617,2
0.5051,14447,2
0.5145,21096,2
0.25,11138,2
0.8061,19129,2
0.5125,37185,2
0.4268,14005,2
0.4716,10676,2
0.2333,12631,2
0.5512,22512,2
0.9001,24748,2
0.471,13389,2
0.3921,11636,2
0.9203,18762,2
0.3097,10215,2
0.892,11383,2
0.7552,14927,2
0.748,10417,2
0.2335,13077,2
0.405,13795,2
0.4737,22238,2
0.6104,20947,2
0.4612,12965,2
0.3777,10160,2
0.287,12038,2
0.3284,13037,2
0.7206,20158,2
0.5317,14146,2
0.3156,23047,2
0.2272,29398,2
0.4263,16602,2
0.6989,25377,2
0.5732,23960,2
0.6548,20405,2
0.567,11240,2
0.9335,22374,2
0.5595,17530,2
0.8161,30912,2
0.7645,30081,2
0.7821,17702,2
0.3393,16623,2
0.302,21495,2
0.2279,11646,2
0.3557,16215,2
0.725,20241,2
0.5041,16969,2
0.206,20174,2
0.4038,16160,2
0.7529,16326,2
0.951,19583,2
0.247,11220,2
0.9946,23287,2
0.64,19728,2
0.5674,11309,2
0.7837,15649,2
0.5696,10900,2
0.257,12660,2
0.9664,13950,2
0.4363,14074,2
0.7682,21823,2
0.8241,15758,2
0.5,24675,2
0.2405,13556,2
0.2003,11072,2
0.7718,19947,2
0.9083,27309,2
0.3827,19593,2
0.4882,21876,2
0.4584,17774,2
0.4217,16434,2
0.4943,25235,2
0.3839,20219,2
0.3758,17120,2
0.9608,21159,2
0.2271,17457,2
0.7347,22373,2
0.7625,10003,2
0.4539,23558,2
0.5505,9874,2
0.2203,17347,2
0.4444,15776,2
0.6193,27967,2
0.2072,23836,2
0.3823,17261,2
0.9695,11550,2
0.2619,18714,2
0.7073,24789,2
0.228,11699,2
0.7091,13773,2
0.5999,11198,2
0.64,12640,2
0.4702,10699,2
0.5697,14637,2
0.508,13121,2
0.6029,50679,2
0.5736,27030,2
0.5453,19902,2
0.7497,12474,2
0.4059,18320,2
0.3265,10078,2
0.215,17609,2
0.4512,16412,2
0.6033,19063,2
0.536,12373,2
1,17525,2
0.265,16057,2
0.9494,15466,2
0.2899,17748,2
0.3906,15286,2
0.6361,20333,2
0.3826,11041,2
0.5463,10038,2
0.859,13168,2
0.3686,11465,2
0.9369,24045,2
0.6163,25211,2
0.8464,21992,2
0.5236,13699,2
0.8694,18054,2
0.5463,10038,2
0.7873,11013,2
0.49,18577,2
0.4168,10425,2
0.9042,21489,2
0.5935,28616,2
0.5658,11887,2
0.9199,18840,2
0.8144,17089,2
0.2237,18077,2
0.7723,12643,2
0.8178,31296,2
0.9375,13670,2
0.8336,16032,2
0.8074,10008,2
0.6276,13709,2
0.5653,20601,2
0.9716,16087,2
0.8956,17381,2
0.7744,9739,2
0.4788,24394,2
0.7837,12016,2
0.3478,19290,2
0.36,17189,2
0.8471,22092,2
0.6875,18766,2
0.5483,23378,2
0.8346,18172,2
0.5724,31196,2
0.5891,29144,2
0.8403,12603,2
0.6374,37229,2
0.3102,15095,2
0.2108,23745,2
0.6902,11862,2
0.2934,12248,2
0.7432,19409,2
0.2971,21364,2
0.5378,13402,2
0.9431,13104,2
0.5429,11358,2
0.3925,12413,2
0.548,12890,2
0.4926,11944,2
0.9403,24315,2
0.9208,23949,2
0.3519,24326,2
0.376,11810,2
0.4225,13457,2
0.9334,18463,2
0.5959,12110,2
0.6911,16707,2
0.8975,10602,2
0.63,21970,2
0.784,21805,2
0.4062,11625,2
0.2829,13452,2
0.4251,20239,2
0.5166,16964,2
0.8001,22337,2
0.2208,13477,2
0.547,11147,2
0.9015,17974,2
0.3005,36379,2
0.5933,16635,2
0.519,16941,2
0.5739,23565,2
1.0425,26014,2
0.3937,14063,2
0.2339,11382,2
0.9904,40466,2
0.4782,11011,2
0.2966,17058,2
0.3344,16905,2
0.3877,15288,2
0.3078,21072,2
0.6109,17237,2
0.6065,23859,2
0.3715,17360,2
0.692,13280,2
0.4118,15661,2
0.2615,13425,2
0.7225,11871,2
0.796,16119,2
0.4564,11565,2
0.8109,24677,2
0.7586,10288,2
0.8783,21602,2
0.6721,18646,2
0.5769,23194,2
0.3339,28120,2
0.812,18745,2
0.7077,26380,2
0.6576,21781,2
0.3662,14722,2
0.7048,21662,2
0.5014,10105,2
0.8479,22045,2
0.7589,19274,2
0.5965,18017,2
0.742,30941,2
0.6032,32907,2
0.5566,10687,2
0.2136,20867,2
0.9489,24248,2
0.9403,25453,2
0.4233,15592,2
0.9788,23831,2
0.7523,21276,2
0.2456,20856,2
0.2713,20824,2
0.771,11751,2
0.9528,27319,2
0.9659,19323,2
0.3548,14397,2
0.6567,15541,2
0.6143,12544,2
0.6719,16719,2
0.8125,10763,2
0.4033,12447,2
0.4561,11578,2
0.4845,15316,2
0.651,21664,2
0.9233,15054,2
0.8641,15800,2
0.6574,28341,2
0.56,14232,2
0.8329,29745,2
0.9897,25626,2
0.4316,13586,2
0.5356,20823,2
0.6529,25133,2
0.4444,13715,2
0.5077,19360,2
0.8852,18819,2
0.6546,24781,2
0.6191,30215,2
0.9664,13796,2
0.9745,9334,2
0.9434,24481,2
0.7143,23554,2
0.2392,18336,2
0.8238,20192,2
0.8283,22245,2
0.2536,10155,2
0.2882,10397,2
0.6168,19056,2
0.5523,14694,2
0.5883,29589,2
0.4793,23719,2
0.4532,14444,2
0.6049,22036,2
0.2525,11994,2
0.6208,12299,2
0.4768,15335,2
0.8,17235,2
0.3029,17445,2
0.281,18438,2
0.3577,11405,2
0.2982,12589,2
0.6602,12676,2
0.2963,20797,2
0.6629,15446,2
0.7801,16060,2
0.7336,10582,2
0.5512,14080,2
0.386,16415,2
0.9701,18276,2
0.6869,16197,2
0.2821,49221,2
0.5378,27894,2
0.5268,20919,2
0.6896,24412,2
0.5872,20636,2
0.6491,22140,2
0.2951,18236,2
0.6905,10233,2
0.9646,11424,2
0.2788,10532,2
0.28,19014,2
0.5542,10517,2
0.9025,13798,2
0.3772,13543,2
0.3099,13119,2
0.842,19941,2
0.7263,28253,2
0.8723,23211,2
0.5364,21976,2
0.5542,10517,2
0.5951,10193,2
0.7761,10801,2
0.7639,17951,2
0.3663,11248,2
0.7936,22114,2
0.5644,31468,2
0.7656,29069,2
0.4519,18994,2
0.9056,12595,2
0.7197,31434,2
0.9041,14581,2
0.9048,16611,2
0.5951,13284,2
0.3352,10422,2
0.9154,21484,2
0.324,9727,2
0.976,19545,2
0.4617,13180,2
0.8444,16018,2
0.4526,11961,2
0.4082,11235,2
0.6715,12290,2
0.2683,13471,2
0.6431,16052,2
0.5848,18205,2
0.81,13603,2
0.5971,20695,2
0.8011,19148,2
0.8387,27056,2
0.5357,21063,2
0.3253,33780,2
0.9041,25728,2
0.6079,14780,2
0.3182,11393,2
0.204,12385,2
0.9089,20355,2
0.859,11637,2
1,12948,2
0.5999,9368,2
0.8306,9052,2
0.5538,23058,2
0.8975,11673,2
1,16847,2
0.2879,10320,2
0.9784,9880,2
0.5747,26817,2
0.4664,10629,2
0.7552,12099,2
0.405,21116,2
0.9551,20186,2
0.7571,12180,2
0.7972,10173,2
0.2143,26809,2
0.9019,10590,2
0.4225,11294,2
0.7511,13720,2
0.4041,12844,2
0.3612,20537,2
0.5744,10692,2
0.8858,12599,2
0.6806,18433,2
0.5797,11660,2
0.9197,16061,2
0.907,10559,2
0.9426,15499,2
1,21026,2
0.8248,13544,2
0.4013,22897,2
0.4416,17124,2
0.2975,10325,2
0.2834,14421,2
0.539,13814,2
0.5873,25987,2
0.546,26204,2
0.3168,17457,2
0.4812,16693,2
0.3708,13953,2
0.6346,11701,2
0.9429,12555,2
0.9149,16144,2
0.7656,14446,2
0.6944,25816,2
0.7139,16925,2
0.2716,10482,2
0.7785,11447,2
0.9518,13855,2
0.8759,21185,2
0.4403,15031,2
0.3512,11833,2
0.6357,11292,2
0.6852,19747,2
0.6504,18592,2
0.8725,20655,2
0.6049,14455,2
0.5971,12610,2
0.2675,10627,2
0.9773,22347,2
0.4331,23115,2
0.3086,19699,2
0.4158,23615,2
0.4255,20066,2
0.2113,19239,2
0.367,19069,2
0.4316,17372,2
0.9429,12182,2
0.3723,12215,2
0.3231,18952,2
0.3667,9859,2
0.9481,14460,2
0.304,44526,2
0.9149,13575,2
0.4881,14900,2
0.3809,11376,2
0.9226,18726,2
0.5445,15415,2
0.9467,12518,2
0.225,15055,2
0.5625,18001,2
0.8496,13625,2
0.8283,11988,2
0.3203,19668,2
0.8054,25734,2
0.8063,13398,2
0.5463,13589,2
0.6453,14636,2
0.9286,11306,2
0.9883,20132,2
0.7613,10356,2
0.5378,13526,2
0.6027,12075,2
0.534,19496,2
0.5852,25772,2
0.4989,11048,2
0.4511,13539,2
0.7428,17720,2
0.4444,17834,2
0.4334,12633,2
0.781,10996,2
0.6553,16461,2
0.241,14962,2
0.2578,21025,2
0.3296,11538,2
0.64,22489,2
0.4823,13344,2
0.877,14458,2
0.8858,12024,2
0.2546,18900,2
0.9511,18743,2
0.551,17625,2
0.4565,21624,2
0.6632,16724,2
0.7068,32329,2
0.6149,21277,2
0.969,13541,2
0.3285,32871,2
1,23567,2
0.306,10961,2
0.4526,10259,2
0.9334,22378,2
0.813,11055,2
0.8845,15756,2
0.8975,18256,2
0.2835,13217,2
0.8711,11513,2
0.2667,10441,2
0.3056,14671,2
0.5938,14684,2
0.944,20297,2
0.5354,10196,2
0.3446,16649,2
0.3583,14869,2
0.4969,11915,2
0.9735,10614,2
0.6585,12335,2
0.4756,23393,2
0.3757,10040,2
0.3381,11258,2
0.4499,13708,2
0.7009,19110,2
0.2627,11029,2
0.4379,35499,2
0.4617,11421,2
0.7104,10230,2
0.5192,21450,2
0.9773,20976,2
0.5194,31738,2
0.7091,14322,2
0.7873,13194,2
0.2722,12588,2
0.7552,10294,2
0.2882,13993,2
0.469,18330,2
0.3118,20869,2
0.9273,20484,2
0.6369,19034,2
0.5937,10167,2
0.4011,21704,2
0.9334,26551,2
0.8239,14844,2
0.356,10791,2
0.4723,21800,2
0.6006,10112,2
0.7017,14669,2
0.3278,16488,2
0.8989,27914,2
0.5203,27820,2
0.5463,10448,2
0.6973,17330,2
0.969,16259,2
0.319,15261,2
0.2698,19578,2
0.9385,12112,2
0.4221,16208,2
0.6496,15972,2
0.6416,19089,2
0.334,13040,2
0.539,16438,2
0.9412,14659,2
0.5917,16815,2
0.99,22139,2
0.8598,12691,2
0.8751,14931,2
0.8063,10910,2
0.292,11322,2
0.8988,13151,2
0.859,20039,2
0.8403,15139,2
0.9619,17376,2
0.7378,11428,2
0.8396,24292,2
0.4914,17362,2
0.4713,25212,2
0.9765,23273,2
0.4334,27767,2
0.4024,21284,2
0.7591,26281,2
0.7134,21976,2
0.405,24655,2
0.6805,25846,2
0.2822,23525,2
0.4193,17605,2
0.3379,18643,2
0.2756,19353,2
0.674,12508,2
0.4078,11719,2
0.9724,12819,2
0.2761,51297,2
0.3715,21976,2
0.464,15248,2
0.7014,10964,2
0.5789,12783,2
0.4617,11423,2
0.3802,16292,2
0.6316,10653,2
0.946,21929,2
0.3906,16337,2
0.4337,10239,2
0.5976,18910,2
0.8264,15446,2
0.8638,12053,2
0.6545,12117,2
0.8054,11578,2
0.7066,27620,2
0.8879,20300,2
0.548,14628,2
0.6246,16995,2
0.8388,22567,2
0.7986,10375,2
0.8403,10140,2
0.4015,14185,2
0.4552,15815,2
0.4734,19056,2
0.5173,23394,2
0.5136,10294,2
0.3494,15201,2
0.9745,16674,2
0.5289,14978,2
0.4999,17226,2
0.7104,13173,2
0.7542,14964,2
0.7901,26191,2
0.8858,12351,2
0.6528,12947,2
0.5765,29085,2
0.808,11569,2
0.784,14514,2
0.8424,15709,2
0.907,19820,2
0.9564,25257,2
0.9506,19537,2
0.4556,12202,2
0.5499,18104,2
0.3527,26595,2
0.8346,17024,2
0.8831,14158,2
0.3292,14652,2
0.5578,25196,2
0.5724,19029,2
0.7396,32067,2
0.8683,20394,2
0.5962,23326,2
0.3246,20645,2
0.8603,18104,2
0.64,15530,2
0.5917,28943,2
0.8962,25157,2
0.5705,13641,2
0.8711,29995,2
0.6834,26637,2
0.7131,16325,2
0.3361,19851,2
0.9763,23816,2
0.9403,10488,2
0.8556,14385,2
0.5121,32291,2
0.7347,14191,2
0.7986,15446,2
0.8283,14097,2
0.5545,17149,2
0.6944,16079,2
0.9137,21991,2
0.5384,27064,2
0.8428,25155,2
0.6782,25651,2
0.6416,25539,2
0.3143,12960,2
0.8327,21744,2
0.5251,27175,2
0.8158,15575,2
0.8975,16251,2
0.7861,16556,2
0.6834,18555,2
1,15902,2
0.3775,18562,2
0.4619,23981,2
0.5073,23682,2
0.9784,39450,2
0.3699,31636,2
0.4738,23489,2
0.4681,44051,2
0.3767,27681,2
0.8198,15312,2
0.6478,41217,2
0.9112,44226,2
0.9788,15782,2
0.5136,35143,2
0.9699,32535,2
0.8581,24045,2
0.5043,12636,2
0.3868,17876,2
0.4207,14807,2
0.6255,16647,2
0.6318,14925,2
0.6782,15648,2
0.4727,13759,2
0.3681,15601,2
0.7797,14400,2
0.807,13125,2
0.7774,26677,2
0.8147,27144,2
0.7681,10772,2
0.5625,10884,2
0.6173,27896,2
0.6478,13014,2
0.6813,16825,2
0.4178,15864,2
0.5522,18316,2
0.7235,15761,2
0.4387,12841,2
0.748,15873,2
0.4642,16786,2
0.5988,13671,2
0.6747,12527,2
0.8948,15133,2
0.5289,16519,2
0.4823,14540,2
0.5401,12095,2
0.8122,20851,2
0.9192,14480,2
0.6669,45564,2
0.8186,23126,2
0.5102,39880,2
0.7056,10128,2
0.4444,14452,2
0.8144,19471,2
0.9786,16836,2
0.8896,28314,2
0.3003,41682,2
0.9518,18159,2
0.9314,20372,2
0.4353,17319,2
0.7851,15035,2
0.7048,13479,2
0.6049,16269,2
0.9467,18553,2
0.4021,14390,2
0.5331,12431,2
0.5102,18525,2
0.8566,19068,2
0.5102,17004,2
0.8493,14641,2
0.3701,17553,2
0.5838,15967,2
0.7772,15935,2
0.7525,12510,2
0.5082,22952,2
0.7009,10999,2
0.8581,13189,2
0.5586,18954,2
0.7591,15610,2
0.3315,15332,2
0.6881,11677,2
0.5017,10245,2
0.5691,10023,2
0.9149,10684,2
0.6636,34156,2
0.534,26563,2
0.534,15267,2
0.8858,17226,2
0.7845,20259,2
0.9098,13251,2
0.3436,34634,2
0.5971,10485,2
0.7944,18538,2
0.8296,23105,2
0.8556,21989,2
0.3246,16316,2
0.6944,20487,2
0.6478,20766,2
0.7806,23362,2
0.8743,20893,2
0.3136,22357,2
0.8403,35663,2
0.3946,18377,2
0.3735,18378,2
0.9112,24352,2
0.727,24463,2
0.7656,24479,2
0.3805,20732,2
0.3561,19115,2
0.5124,16487,2
0.8874,20398,2
0.475,23255,2
0.4587,21344,2
0.5493,16572,2
0.9487,22301,2
0.4878,23475,2
0.8662,12862,2
0.4667,10774,2
0.4546,15472,2
0.6075,10316,2
0.7131,22597,2
0.3044,16339,2
0.9344,14698,2
0.6435,10165,2
0.7101,21344,2
0.4375,22827,2
0.6639,19373,2
0.6233,21334,2
0.5306,12198,2
0.547,18176,2
0.4681,10875,2
0.5472,15981,2
0.9161,24225,2
0.5859,15938,2
0.3757,10293,2
0.647,22594,2
0.4777,22191,2
0.6348,21169,2
0.4324,27624,2
0.582,19866,2
0.6553,14458,2
0.9608,13991,2
0.8536,23906,2
0.4217,17208,2
0.7772,19650,2
0.5102,11531,2
0.6944,10315,2
0.9282,27914,2
0.7901,11420,2
0.3525,12182,2
0.4006,22765,2
0.3073,16877,2
0.3367,16676,2
0.3319,32158,2
0.8308,15663,2
0.5625,13638,2
0.9137,17932,2
0.5102,15045,2
0.5451,22775,2
0.3686,19598,2
0.4803,11535,2
0.7692,34144,2
0.4162,11520,2
0.3097,29955,2
0.8239,11351,2
0.4074,13449,2
0.3663,11828,2
0.5917,12522,2
0.6629,23465,2
0.8063,28324,2
0.9273,23204,2
0.781,22078,2
0.599,63581,2
0.9474,43219,2
0.6694,13453,2
0.7071,14194,2
0.4916,15036,2
0.8818,13961,2
0.7361,21849,2
0.5125,24192,2
0.9588,11320,2
0.9755,45423,2
0.7837,10635,2
0.6669,10691,2
0.6075,12115,2
0.3211,19969,2
0.7549,23565,2
0.3623,12508,2
0.4508,13543,2
0.3946,11839,2
0.8581,22832,2
0.7347,18672,2
0.3839,20314,2
0.3512,31883,2
0.9553,28827,2
0.3431,17879,2
0.9098,21781,2
0.8323,16455,2
0.565,16706,2
0.8164,29715,2
0.5956,16296,2
0.4832,16636,2
0.964,11776,2
0.7795,15440,2
0.9487,15985,2
0.7736,19204,2
0.7799,19611,2
0.92,12713,2